gene,drug,rsid,variant_name,beta,p_value,direction
CYP2C9,Warfarin,rs1799853,CYP2C9*2,-0.35,2.1e-12,decreased_response
CYP2C9,Warfarin,rs1057910,CYP2C9*3,-0.42,3.4e-15,decreased_response
CYP2C9,Warfarin,rs9332239,CYP2C9*6,-0.28,1.2e-08,decreased_response
CYP2C19,Clopidogrel,rs4244285,CYP2C19*2,-0.38,5.6e-14,decreased_response
CYP2C19,Clopidogrel,rs4986893,CYP2C19*3,-0.31,2.3e-10,decreased_response
CYP2C19,Clopidogrel,rs12248560,CYP2C19*17,0.25,1.8e-07,increased_toxicity
SLCO1B1,Simvastatin,rs4149056,SLCO1B1*5,0.52,8.7e-18,increased_toxicity
SLCO1B1,Simvastatin,rs2306283,SLCO1B1*1a,-0.18,2.1e-05,decreased_response
DPYD,Fluorouracil,rs3918290,DPYD*2A,0.89,1.2e-22,increased_toxicity
DPYD,Fluorouracil,rs55886062,DPYD*13,0.67,3.4e-14,increased_toxicity
DPYD,Fluorouracil,rs67376798,DPYD*9B,0.34,4.5e-08,increased_toxicity
